,타이틀,아티스트
0,I AM,IVE (아이브)
1,Kitsch,IVE (아이브)
2,꽃,지수 (JISOO)
3,손오공,세븐틴 (SEVENTEEN)
4,파이팅 해야지 (Feat. 이영지),부석순 (SEVENTEEN)
5,Ditto,NewJeans
6,Hype boy,NewJeans
7,사람 Pt.2 (feat. 아이유),Agust D
8,OMG,NewJeans
9,사랑은 늘 도망가,임영웅
10,F*ck My Life,세븐틴 (SEVENTEEN)
11,Teddy Bear,STAYC(스테이씨)
12,FRIEND THE END,볼빨간사춘기
13,사건의 지평선,윤하 (YOUNHA)
14,우리들의 블루스,임영웅
15,I Don't Think That I Like Her,Charlie Puth
16,CHRISTIAN,Zior Park
17,다시 만날 수 있을까,임영웅
18,London Boy,임영웅
19,After LIKE,IVE (아이브)
20,Polaroid,임영웅
21,심(心),DK(디셈버)
22,이제 나만 믿어요,임영웅
23,Like Crazy,지민
24,먼지,세븐틴 (SEVENTEEN)
25,무지개,임영웅
26,빛이 나는 너에게,던 (DAWN)
27,아버지,임영웅
28,물론,허각
29,Love Me Like This,NMIXX
30,Attention,NewJeans
31,ANTIFRAGILE,LE SSERAFIM (르세라핌)
32,A bientot,임영웅
33,LOVE DIVE,IVE (아이브)
34,April shower,세븐틴 (SEVENTEEN)
35,인생찬가,임영웅
36,헤어지자 말해요,박재정
37,Cupid,FIFTY FIFTY
38,사랑하지 않아서 그랬어,임한별
39,손이 참 곱던 그대,임영웅
40,Fire,세븐틴 (SEVENTEEN)
41,사랑해 진짜,임영웅
42,I Don't Understand But I Luv U,세븐틴 (SEVENTEEN)
43,NIGHT DANCER,imase
44,연애편지,임영웅
45,Dangerously,Charlie Puth
46,보금자리,임영웅
47,사랑인가 봐,멜로망스
48,Dynamite,방탄소년단
49,Heaven(2023),임재현
50,사랑하기 싫어,지아
51,Zero,NewJeans
52,밤이 무서워요 (Lonely Night),주주 시크릿
53,Nostalgia,우디 (Woody)
54,봄날,방탄소년단
55,HOT,세븐틴 (SEVENTEEN)
56,너의 모든 순간,성시경
57,Perfume,NCT 도재정
58,Candy,NCT DREAM
59,가질 수 없는 너,#안녕
60,건물 사이에 피어난 장미 (Rose Blossom),H1-KEY (하이키)
61,Butter,방탄소년단
62,on the street (with J. Cole),"j-hope, J. Cole"
63,발걸음,DK(디셈버)
64,Nxde,(여자)아이들
65,VIBE (feat. Jimin of BTS),태양
66,해요 (2022),#안녕
67,해금,Agust D
68,That's Hilarious,Charlie Puth
69,너를 보는게 지친 하루에,송하예
70,Say I Love You,우디 (Woody)
71,Monologue,테이
72,Permission to Dance,방탄소년단
73,STAY,"The Kid LAROI, Justin Bieber"
74,Set Me Free Pt.2,지민
75,Shut Down,BLACKPINK
76,새삥 (Prod. ZICO) (Feat. 호미들),지코 (ZICO)
77,ELEVEN,IVE (아이브)
78,나비무덤,포맨 (4MEN)
79,KNOCK,이채연
80,취중고백,김민석 (멜로망스)
81,다시 사랑한다면,한동근
82,Pink Venom,BLACKPINK
83,그라데이션,10CM
84,TOMBOY,(여자)아이들
85,내가 아니라도,주호
86,안녕이라고 말하지마,V.O.S
87,Cookie,NewJeans
88,FEARLESS,LE SSERAFIM (르세라핌)
89,정이라고 하자 (Feat. 10CM),BIG Naughty (서동현)
90,그중에 그대를 만나,김호중
91,나의 마음에 (Seed),태양
92,Say My Name,Say Yes!
93,다정히 내 이름을 부르면,"경서예지, 전건호"
94,그때 그 순간 그대로 (그그그),WSG워너비 (가야G)
95,오르트구름,윤하 (YOUNHA)
96,빙글빙글 (Prod. R.Tee),헤이즈 (Heize)
97,"모든 날, 모든 순간 (Every day, Every Moment)",폴킴
98,That’s Not How This Works (feat. Dan + Shay),Charlie Puth
99,결국엔 너에게 닿아서,WSG워너비 (가야G)
